,Addition,Empty Function, Trap
Machine,0.43329,2.13484,498.311
Container,0.44205,2.13185,517.704
VM,4.28187,24.4112,770.557

